,Date_original
135,4/63/2024
170,12/63/2000
173,4/65/1993
259,10/90/2002
307,8/47/2008
508,8/62/1999
586,7/74/2007
787,12/50/2000
803,6/47/1994
813,8/95/1997
833,8/45/2014
907,6/87/2001
932,11/92/1993
976,8/83/1993
1007,5/68/2001
1026,2/44/2022
1032,2/54/2002
1057,5/68/2013
1088,5/90/2002
1217,10/61/2009
1227,10/90/2015
1246,12/48/2019
1353,12/91/2021
1393,8/53/2009
1484,12/64/1994
1506,10/45/2020
1537,5/70/2025
1721,12/36/2025
1756,10/62/2014
1868,12/48/2020
1937,5/90/2009
1980,7/95/2024
2053,7/88/2017
2088,12/32/2000
2089,3/78/2003
2108,7/49/2018
2603,2/97/2017
2692,8/94/2001
2780,9/42/1996
2849,11/76/2010
2981,3/64/1999
2999,3/75/2022
3061,9/82/2018
3086,6/92/2010
3249,4/60/1990
3708,8/48/2018
4043,7/93/1990
4340,7/94/2002
4631,6/53/1996
4791,3/78/2020
4866,11/66/2024
5152,7/47/2024
5158,6/88/2024
5210,6/40/2009
5232,4/62/1999
5283,2/93/1999
5330,3/90/2020
5331,5/68/1999
5388,11/41/2000
5424,12/85/2015
5639,8/33/2010
5873,7/64/1999
5928,12/71/2005
6117,7/58/2025
6173,7/50/1993
6457,5/36/2009
6612,12/51/2017
6720,11/72/2022
6722,3/62/2016
6800,1/32/2015
6803,2/72/2001
6942,12/69/1992
7169,2/58/2010
7502,8/50/2016
7620,10/53/2000
7673,1/48/2018
7710,1/61/2000
7729,7/50/2015
7761,12/62/1995
7915,12/48/2022
7997,8/58/2010
8029,11/92/1990
8173,4/78/2006
8202,11/88/1998
8209,10/54/2014
8252,2/60/2023
8325,11/59/2023
8342,4/79/2011
8692,12/54/1990
8721,11/42/2023
8733,11/78/2002
8787,8/69/2010
8848,7/57/1998
8856,11/34/2012
8929,1/84/1998
8977,7/62/2008
9047,12/84/1998
9176,4/83/2008
9272,1/64/2021
9293,7/76/2015
9305,11/70/2003
9491,1/83/2010
9584,10/92/1996
9759,12/79/1996
9874,10/51/2018
10002,8/78/1999
10067,5/95/2010
10337,9/91/2017
10806,10/39/1999
10882,4/74/1991
11112,9/67/2012
11212,9/72/2009
11299,2/61/1999
11340,2/60/2012
11413,10/35/2004
11454,12/37/2021
11586,8/79/2010
11814,8/62/1996
11826,12/42/2022
11948,5/63/2000
12116,10/80/2012
12325,12/68/2019
12347,4/91/2013
12363,3/35/1991
12365,11/94/2021
12481,10/63/2016
12501,4/91/2021
12558,4/81/1998
12655,6/58/2017
12770,11/96/2000
12833,1/44/1991
12834,10/42/1999
12860,2/58/2005
13082,3/57/2024
13348,9/67/2021
13520,7/73/1990
13598,6/81/2021
13802,8/57/2022
13844,10/82/2011
13856,3/73/2010
14027,1/87/1990
14136,6/68/2023
14217,8/45/2000
14259,11/46/2014
14269,9/97/2005
14446,7/78/2005
14944,11/55/1996
15019,10/99/2005
15147,6/49/1991
15189,3/61/2001
15193,3/96/2008
15227,3/84/1997
15232,3/42/2003
15395,11/63/2015
15413,9/97/2021
15495,7/70/2018
15734,3/81/2022
15756,5/55/2004
16132,12/62/2007
16165,1/47/2001
16351,1/87/2020
16458,12/61/1992
16546,9/37/2011
16695,11/66/2008
16730,1/74/2002
16746,9/67/2019
16995,2/62/1992
17043,7/49/2022
17126,5/50/1990
17238,9/40/1996
17276,2/90/1997
17309,12/75/1999
17315,7/96/1995
17365,2/41/1997
17537,12/45/1999
17647,1/68/2015
17807,7/60/1997
17994,11/48/2013
18045,4/89/2016
18055,7/94/1994
18212,7/36/2011
18300,2/94/1997
18306,2/42/2024
18327,8/66/1991
18424,4/37/1997
18445,8/37/2003
18471,2/70/2019
18481,2/42/2009
18548,9/56/1994
18649,5/61/2018
18739,10/66/2018
18850,4/81/2013
18872,10/70/1991
18885,7/62/2001
18890,12/38/1993
18892,11/50/1999
18942,7/78/2003
19198,2/50/2005
19213,9/51/2023
19242,7/84/2000
19332,3/77/2012
19506,4/99/2012
19515,9/62/2018
19530,11/88/2011
19541,9/57/2000
19627,12/33/1990
19677,6/48/2005
19724,9/64/2020
19853,2/91/1995
20051,9/87/2001
20054,1/43/2005
20141,8/67/1997
20180,2/53/1996
20187,11/69/2011
20277,8/45/1990
20353,2/90/1998
20369,7/80/1990
20394,2/44/2013
20620,4/90/1994
20637,1/89/2010
20717,10/51/2023
20737,3/92/2011
20933,3/90/1998
20999,2/98/2011
21009,6/63/2009
21132,7/97/1997
21180,7/73/1993
21299,7/57/2002
21308,1/41/1999
21378,11/81/1995
21445,5/83/2024
21484,9/68/2009
21653,11/68/1999
21745,10/99/1999
21815,1/96/2004
21920,5/85/2023
21988,6/42/2018
22044,3/66/2003
22317,7/60/2015
22319,11/82/2019
22403,4/80/1996
22504,11/65/2022
22838,6/79/2025
22966,10/45/2012
23006,8/93/2010
23007,1/44/2017
23043,4/93/2007
23084,10/72/2004
23190,7/49/2002
23239,12/68/2016
23378,7/68/2005
23487,4/71/1990
23783,3/43/1992
23868,11/42/1993
23869,4/93/1996
24037,4/51/1997
24067,3/86/2025
24397,11/97/2018
24492,5/84/1996
24558,11/51/1998
24643,2/48/2021
24674,6/89/1991
24796,6/96/2003
24801,11/53/2005
24909,6/76/1994
24930,11/77/2012
24972,4/84/1998
25011,8/90/1999
25085,10/71/1993
25119,9/96/1996
25167,5/49/1999
25229,7/95/2005
25266,2/83/1995
25317,7/92/2000
25357,1/45/2019
25687,8/84/2011
25695,7/34/2015
25794,7/40/2003
25846,10/52/1994
25847,10/42/1992
25908,2/97/1999
25985,6/74/1995
26065,4/50/2012
26200,1/81/1996
26274,8/80/2007
26323,3/46/2002
26340,7/85/1998
26357,5/89/2024
26365,12/94/2017
26471,2/52/2020
26512,12/34/2018
26527,2/49/1998
26535,10/48/2014
26683,10/79/2000
26804,1/93/1998
26847,7/37/2002
26963,4/34/2017
27013,3/55/2003
27132,7/88/2021
27243,1/56/2008
27264,6/97/1991
27327,6/89/2012
27468,8/93/1996
27792,12/54/1996
27917,7/34/2015
27944,12/50/1992
28005,2/40/2021
28060,8/71/2018
28073,2/76/2005
28242,2/38/2004
28248,11/99/2005
28284,8/39/2013
28617,8/73/1997
28664,8/94/2004
29155,3/33/2014
29157,4/53/1991
29224,7/95/2007
29296,10/68/1992
29333,6/86/2023
29367,2/63/2002
29589,6/94/2018
29619,3/74/2018
29934,1/69/2002
29987,4/61/2004
30017,11/96/2016
30069,1/49/1991
30128,1/57/1997
30290,2/77/2025
30343,4/53/2017
30376,6/41/2006
30395,2/82/2006
30434,7/38/2019
30869,4/96/2009
30870,11/87/2008
30890,6/88/2019
30929,4/69/1997
30937,3/56/2000
31101,11/87/1991
31348,7/65/2015
31354,1/40/2023
31376,7/48/2019
31571,7/78/2008
31588,12/73/2019
31636,10/74/2021
31690,7/88/1991
31828,9/33/2016
31875,7/36/2000
32235,3/79/1993
32272,12/57/2002
32418,3/76/2016
32607,10/99/1998
32700,5/73/2022
32842,1/33/2001
32880,10/86/2012
33264,11/69/2002
33471,3/90/2010
33603,9/33/2000
33701,2/99/2019
33702,9/55/2024
33803,5/59/2004
34086,2/90/2018
34133,5/57/2014
34347,4/71/2015
34360,3/51/2020
34587,11/94/1990
34616,9/71/2014
34633,10/43/1993
34684,8/35/2005
34793,4/38/2023
34873,7/96/2022
34948,9/85/1997
35097,5/92/1995
35263,12/87/1990
35266,9/49/2011
35316,1/33/2018
35642,11/44/2015
35668,12/55/2019
35978,6/47/2016
36330,1/47/1993
36495,7/66/2014
36702,3/63/2006
36760,2/94/1990
36785,9/62/1997
36813,5/68/2025
37374,2/43/2021
37387,9/76/2017
37390,1/53/2002
37472,2/90/2006
37731,2/32/1999
37838,7/32/2009
37855,6/94/2007
37904,12/91/2011
38023,10/52/1994
38041,8/84/1999
38075,6/37/2008
38077,8/48/1991
38132,8/67/2014
38521,6/42/1995
38539,12/77/2008
38801,6/70/1995
38883,8/75/2025
38891,3/64/2002
38894,12/34/1993
38944,8/59/2000
39036,8/59/2011
39546,4/79/2005
39601,1/92/2022
39657,5/50/2012
39916,1/60/1992
39951,3/58/2005
39963,10/68/1995
39997,11/97/1994
40167,4/71/1992
40411,7/65/2011
40458,2/48/1991
40503,9/72/2012
40527,11/76/2013
40559,8/94/2025
40610,5/87/2011
40650,3/94/2010
40803,5/75/2012
40844,11/70/1992
40846,11/94/2014
40886,4/52/2010
41046,6/89/2025
41100,8/95/2007
41203,1/41/2007
41375,10/40/1992
41390,7/53/1998
41410,9/73/2024
41472,2/59/2015
41675,9/67/2012
41831,8/69/2012
41865,4/38/2021
41936,10/36/2015
41942,4/53/2014
41971,1/61/1998
42088,10/98/1991
42201,4/39/1998
42272,6/59/1993
42296,4/68/2012
42387,12/33/2023
42399,8/32/2003
42480,7/59/2023
42536,8/66/2017
42543,12/95/2009
42610,11/63/2020
42628,4/68/1991
42644,12/73/1998
42837,12/86/1997
42873,11/35/1997
42927,6/87/2007
42956,6/75/2023
43073,11/75/2006
43130,12/39/2024
43218,6/89/1999
43323,3/54/2011
43332,2/94/2005
43401,4/79/2019
43534,5/45/1998
43670,3/88/1997
43765,12/61/2008
43796,5/94/1994
43977,7/52/2016
43986,11/51/2022
44158,7/99/2017
44263,8/33/1990
44278,7/80/1993
44366,1/97/2022
44374,8/39/2017
44552,12/72/2000
44867,10/77/1991
45352,11/80/2024
45401,10/58/2013
45526,3/92/2011
45606,10/53/2016
45717,9/35/1993
45776,12/99/2020
45882,4/96/1991
45937,7/84/2011
46180,4/65/2009
46514,8/62/2012
46692,10/61/1994
46743,9/53/2016
47081,8/54/2001
47242,1/54/1997
47256,6/41/1996
47296,1/93/2008
47374,1/87/2010
47412,12/86/2005
47740,10/48/2002
47939,1/93/2001
47990,6/33/1996
48183,6/88/2016
48297,4/66/1998
48338,10/39/1996
48502,3/60/2025
48634,9/85/2002
48693,10/50/2001
48741,8/54/2019
48790,2/40/2012
48915,2/90/2003
49138,3/48/1999
49252,12/75/2017
49284,3/74/1997
49293,1/38/1990
49354,10/73/2022
49467,5/98/2025
49483,8/84/2019
49602,10/92/2022
49957,4/61/2021
49993,3/65/1998
50007,2/82/2013
50031,3/54/2004
50036,9/44/1991
50143,2/60/2008
50182,10/40/1997
50373,10/82/1998
50384,10/42/2004
50637,10/41/2025
50642,5/51/2023
50680,4/91/1995
50717,9/53/2013
50824,8/75/2022
50862,5/53/1993
50879,5/59/2015
51003,9/92/2020
51161,4/90/1994
51229,8/40/1997
51366,10/77/1990
51400,9/85/2002
51408,5/88/1990
51768,1/90/1991
51814,5/35/1994
51886,6/70/2025
51954,7/81/2025
53064,5/66/2001
53134,2/72/2023
53198,12/82/2001
53436,6/67/1990
53486,3/62/1998
53560,9/59/1990
53589,10/91/2025
53609,11/52/1995
53671,10/89/2012
53782,6/88/2017
53897,8/62/2010
54079,5/86/2009
54215,8/79/2013
54329,4/40/2021
54493,12/65/2002
54526,9/32/2019
54577,8/74/2009
54685,3/98/1997
54733,12/74/2010
54735,10/92/2007
54828,12/42/2015
55103,9/76/2019
55168,12/95/2002
55262,7/65/1997
55355,4/35/1995
55366,12/74/2018
55390,10/66/2014
55405,5/79/2001
55538,8/72/2010
55868,3/83/1992
55896,10/67/1993
55972,12/97/2020
55977,12/50/2008
56081,6/38/2023
56082,6/38/1991
56122,9/94/2020
56294,11/42/1993
56460,10/52/2001
56567,1/81/2000
56630,9/73/1994
56675,12/84/2013
56742,7/56/2019
56939,7/99/2022
57084,1/59/1999
57343,12/91/2019
57344,10/98/1991
57484,7/51/2007
57573,2/80/2012
57581,5/51/1993
57635,1/32/1997
57710,7/66/1991
57759,10/71/2021
57926,2/38/2017
57958,7/94/1996
58011,1/46/2005
58052,7/45/2008
58080,10/67/2018
58207,4/62/2018
58251,2/35/2025
58282,2/44/2012
58283,2/55/2004
58428,7/98/2019
58452,10/42/1994
58756,10/90/2001
58844,8/33/1992
58878,7/72/2000
58910,7/42/2000
59048,1/76/2021
59297,2/52/2019
59319,7/32/2012
59451,4/36/2003
59543,11/42/2003
59559,9/64/2014
59602,3/33/1993
59705,5/55/1998
59800,12/85/2012
59873,6/84/2021
59936,5/61/2009
59962,3/85/2013
59967,11/38/2006
60193,12/63/2002
60418,12/46/2001
60475,8/37/2021
60493,1/63/1991
60551,3/82/1995
60557,3/46/2000
60660,10/39/2010
60695,5/82/1992
61024,3/93/2015
61135,9/89/2018
61222,10/37/1991
61324,8/74/1996
61754,12/86/2006
62125,5/73/2015
62180,3/46/2002
62193,1/40/1992
62204,2/96/2012
62252,7/42/2018
62296,9/87/2019
62417,3/32/2011
62535,7/46/2003
62673,4/96/1991
62749,6/93/2009
62821,9/68/2003
62873,6/36/2008
62945,6/85/2024
63144,10/93/2024
63259,4/67/2017
63590,2/58/2005
63633,5/90/2016
63669,8/45/2021
63673,8/63/1992
63722,3/46/2022
64067,6/63/2019
64120,11/91/2005
64189,8/73/2000
64262,4/88/1990
64263,1/49/2019
64346,9/73/2015
64381,3/33/2021
64515,4/65/2012
64599,3/61/2020
64730,1/61/2022
64837,10/75/2023
64926,5/50/1996
65160,12/63/1991
65191,8/56/2009
65256,1/78/2001
65268,7/37/1998
65345,1/83/2013
65378,8/51/2009
65459,1/42/2003
65482,4/86/2001
65493,7/81/1997
65495,8/42/2014
65544,3/97/2007
65560,11/71/2013
65737,9/58/2006
65927,8/55/1990
66008,10/77/2004
66013,10/50/2015
66042,1/62/1993
66057,11/82/2004
66104,9/45/1996
66182,4/40/2010
66268,3/90/2014
66397,11/61/1991
66547,7/55/2000
66608,8/90/2012
66693,1/34/1998
66931,6/72/2008
67078,8/98/2022
67381,3/83/2000
67432,6/66/2009
67450,9/52/2025
67509,6/36/2006
67522,1/99/2004
67686,5/37/2012
67716,3/86/2003
67742,4/65/1992
67759,5/83/2007
67809,11/78/2017
68069,6/35/2002
68082,11/40/2019
68108,10/85/2004
68154,8/88/2012
68238,12/60/2018
68323,12/70/1995
68328,3/53/2017
68430,4/50/2016
68460,5/39/2025
68497,4/49/2012
68650,5/58/1999
68810,6/32/2018
68820,7/64/2023
68836,1/55/2021
68941,10/46/2009
68994,7/59/2019
69053,8/64/2003
69553,10/81/1991
69708,11/63/2020
69739,8/43/2022
69741,6/70/2016
69903,4/97/2000
69945,3/93/1997
70038,9/46/2011
70112,2/55/1995
70303,7/88/2011
70569,6/49/2015
70572,6/71/2011
70589,7/58/2025
70612,10/86/2022
70670,6/37/1995
70708,2/74/1998
70716,7/57/1998
70757,5/75/2009
70814,7/55/2011
70888,2/70/2023
71049,2/82/1993
71064,3/92/1996
71144,3/88/2004
71225,8/40/2004
71345,11/95/1991
71353,5/90/2020
71448,3/92/1992
71639,7/72/2011
71891,4/93/1995
71926,3/80/2013
72015,11/93/1994
72046,5/72/2022
72125,9/67/2008
72316,6/44/1990
72322,2/96/2001
72400,4/98/2025
72566,2/98/1995
72795,8/55/2024
72804,4/72/1996
72840,9/44/2013
73044,4/50/2001
73193,9/37/2009
73339,2/85/1992
73515,7/32/2006
73601,1/42/2018
73615,2/95/1999
73673,8/35/2009
73976,9/83/2018
74136,5/40/2024
74154,5/81/2013
74204,6/79/2025
74309,6/89/2021
74346,10/53/2003
74394,3/70/1995
74452,1/98/1990
74503,10/73/1994
74652,5/92/2018
74677,8/40/2017
74716,10/35/2013
74869,10/86/2004
75041,7/95/2024
75198,3/96/2018
75289,9/48/2025
75294,6/79/2004
75344,6/96/2014
75379,7/53/1990
75560,7/48/1997
75853,3/53/2005
75903,6/72/2018
75998,10/83/2021
76077,6/60/2010
76164,11/97/2001
76168,10/34/1993
76303,2/82/2019
76416,5/46/2020
76453,5/48/1992
76541,2/40/1997
76556,11/83/2018
76563,2/59/2018
76886,8/95/1995
76887,9/38/2021
76962,3/51/2025
77443,9/52/2016
77471,11/68/2019
77648,4/63/2019
77710,4/61/2003
78474,1/91/1998
78482,12/48/1995
78593,4/77/2008
78667,6/55/2000
78672,5/81/1994
78674,6/73/2013
78699,1/59/2000
78716,6/43/2025
78747,9/55/2015
78811,6/50/2002
79252,3/78/1990
79332,7/89/2018
79357,9/95/2005
79358,9/40/2015
79462,3/75/2009
79548,8/91/1996
79644,7/62/1992
79665,10/32/1996
79688,11/49/2021
79904,2/49/1995
80108,6/60/2013
80150,8/73/2022
80260,6/58/2016
80314,2/65/1998
80321,10/82/1999
80401,2/75/2007
80537,11/75/2018
80632,3/84/1994
80651,5/76/2013
80679,4/87/2009
80791,9/71/1998
80810,3/50/2006
80863,6/88/2013
80972,7/86/2014
80982,2/40/2005
81034,2/52/2015
81079,1/58/2002
81166,12/94/2011
81187,6/95/1996
81189,10/65/2012
81276,6/83/2009
81309,5/88/1994
81358,1/52/1993
81568,1/86/2005
81824,8/60/2000
82127,2/75/2003
82167,10/53/2000
82168,2/92/2021
82250,10/88/1997
82387,1/90/2007
82433,11/98/2012
82497,10/60/2005
82506,8/59/2002
82529,12/73/2022
82533,10/81/2008
82579,1/55/1990
82635,3/69/1998
82822,12/91/1992
83262,10/86/2013
83265,5/41/2009
83405,6/57/1997
83412,10/97/2002
83596,2/40/1997
83597,6/94/1993
83665,9/61/2003
83809,7/45/1996
83820,8/96/1999
83865,6/60/2022
83918,7/77/2019
83993,5/74/2007
84288,3/36/2013
84315,9/95/2024
84358,12/97/2015
84382,12/61/2005
84389,6/69/2011
84509,1/39/2009
84524,11/40/2016
84526,10/71/2018
84712,5/38/2013
84775,3/34/2025
84919,12/66/2006
84923,8/88/2011
84924,4/50/2012
84950,11/55/1997
85027,1/37/2025
85088,8/51/1999
85108,8/62/1993
85123,4/86/2005
85386,9/32/1991
85570,12/36/1990
85637,12/34/2010
85730,7/53/2001
85795,11/78/1994
85850,8/62/2011
85967,11/58/2003
86082,5/76/2006
86160,3/40/2001
86458,5/89/2021
86469,6/99/1997
86519,11/83/2019
86637,3/45/2024
86716,1/35/1994
86728,11/46/1990
86785,9/58/1998
86945,5/64/2018
87038,6/42/2002
87103,6/48/2022
87167,2/83/1997
87369,3/80/2004
87480,10/77/2012
87569,1/45/2009
87810,12/45/2018
87840,9/66/2015
87859,7/64/1998
87874,11/42/2013
87887,6/43/2006
88129,1/76/1994
88265,11/33/2011
88325,7/90/1998
88328,9/63/2018
88603,5/56/2021
88604,12/71/2015
88617,7/47/2000
88634,5/69/2019
88644,11/82/2011
88670,4/58/2000
88676,6/77/2001
88892,7/71/1990
88992,6/52/2013
89038,9/56/2013
89111,5/35/2021
89193,5/49/1995
89395,7/80/2011
89450,9/61/2003
89481,5/59/1995
89490,3/91/1991
89647,12/84/2018
89662,8/45/2015
89667,5/83/2021
89712,3/98/2009
89739,1/73/2013
89829,2/86/2017
89908,9/50/1995
89941,4/64/2013
90029,4/60/2014
90112,9/44/1995
90162,5/82/2010
90254,4/44/2014
90286,10/83/1993
90665,10/86/2014
90733,9/68/2012
90828,1/50/2006
91016,8/46/1992
91028,10/33/1999
91042,3/79/2007
91098,3/68/1994
91136,4/74/2020
91235,5/98/2015
91432,12/55/2019
91493,3/89/2013
91566,5/90/2007
91765,10/54/2003
91871,7/53/2018
92256,1/76/2005
92293,10/65/2009
92397,12/54/1994
92421,7/61/2004
92481,12/54/1991
92523,3/42/2024
92691,7/73/2004
93068,11/94/2010
93085,2/35/2025
93166,12/82/2017
93192,7/57/1997
93243,7/91/1994
93246,7/70/2025
93342,3/68/2002
93478,8/53/2013
93516,3/54/1993
93679,9/68/2013
93831,11/64/2024
93923,9/67/2002
94290,1/95/2016
94291,1/43/2012
94493,5/43/2024
94602,10/38/2013
94605,4/62/2003
94654,1/66/2024
94805,4/72/1990
94922,2/35/1991
94946,12/66/2003
95021,2/57/2025
95072,4/33/2011
95441,9/94/2011
95485,3/80/2011
95504,4/61/2015
95617,8/53/2015
95716,7/92/1993
95803,10/59/1992
96140,6/42/2010
96324,4/86/1994
96437,12/46/1999
96676,3/82/2024
96719,5/91/2017
96732,3/32/2005
96810,3/93/2007
96836,3/32/2013
96844,7/73/2015
96957,4/44/1999
97141,6/44/1993
97395,3/86/2001
97489,1/58/2020
97601,6/50/2013
97625,5/89/2016
97680,4/57/2023
97767,10/63/1995
97827,3/77/2015
97870,9/54/2014
97897,12/55/2010
97994,10/35/1999
98070,1/72/2010
98292,5/99/2019
98429,5/46/2014
98613,2/37/2007
98668,3/79/2013
98871,7/46/2011
99089,3/79/1999
99101,9/77/2022
99235,1/63/1999
99253,8/45/1993
99361,8/77/1995
99450,11/85/1995
99491,5/32/2016
99590,3/53/2017
99626,9/48/2008
99804,3/44/2023
99843,11/72/2004
99866,5/41/1997
99963,12/77/1999
100074,3/64/1998
100228,3/62/2016
100312,3/87/2007
100555,8/50/2010
100574,5/92/1994
100635,1/39/1995
100746,12/87/2023
100812,5/70/2011
100824,7/83/2018
100849,11/83/2005
100891,3/99/2003
100985,1/90/1995
101044,1/37/2007
101065,10/91/1998
101439,6/36/2021
101527,9/45/1990
101703,12/65/2019
101763,9/50/2024
101802,11/48/2021
102250,4/98/2000
102289,8/40/1995
102301,9/46/2000
102572,8/66/2007
102586,12/98/2008
102589,2/81/2012
102683,12/83/2000
102764,5/33/1996
102773,3/82/2001
102846,10/91/2025
102885,9/65/2019
103027,1/61/2022
103040,8/59/1998
103150,1/44/2005
103191,6/47/2024
103321,12/79/2014
103357,6/83/2003
103406,10/48/2009
103423,10/45/2018
103561,10/89/2005
103594,11/78/2005
103818,3/77/2002
104213,1/83/2011
104247,4/46/2011
104258,4/56/2018
104306,12/43/2024
104318,7/76/2015
104357,11/42/2015
104401,10/40/2022
104480,7/86/1995
104592,4/67/2001
104618,3/86/2005
104727,12/61/1994
104761,2/83/2023
105047,7/58/2018
105338,2/55/1992
105368,8/84/2008
105419,9/81/2007
105545,8/85/1997
105547,3/58/1995
105656,3/96/1999
105737,9/64/2023
105846,9/47/2015
105913,10/79/2022
105997,6/99/2018
106000,2/84/2001
106185,4/87/2025
106344,10/33/2015
106345,3/89/2007
106362,12/57/2022
106457,1/58/1995
106535,5/86/2020
106648,9/81/2017
106759,7/80/2008
107046,2/68/1990
107121,8/79/2021
107126,1/37/2014
107183,3/96/2008
107332,12/88/1993
107393,10/94/2017
107454,8/42/1990
107516,3/52/2025
107553,5/76/2024
107568,1/65/2024
107586,3/69/2021
107643,6/35/2017
107653,3/45/1999
107685,7/47/2013
107688,4/86/1993
107790,9/39/1993
107935,11/37/1993
108250,2/48/1995
108583,4/87/2016
108627,6/66/2005
108729,1/57/2000
109112,10/70/2012
109149,7/41/1992
109408,7/81/2015
109492,6/80/2001
109589,4/87/2018
109787,5/41/2009
109957,8/64/1999
109989,7/79/2011
110074,11/51/1996
110241,9/38/1996
110356,2/95/2011
110370,8/67/1994
110519,10/94/2004
110824,3/41/1998
110875,1/67/1998
110908,10/69/2002
111082,8/72/2008
111091,6/98/1995
111155,5/44/2000
111231,3/97/2003
111259,5/37/2002
111390,6/32/1997
111542,10/99/2017
111585,1/76/2001
111607,4/56/2018
111615,7/74/1999
111629,12/79/1992
111822,8/56/2013
111914,6/95/1999
112071,3/46/1991
112142,3/77/2011
112191,4/39/2022
112204,7/66/2024
112417,11/80/2000
112480,12/44/2007
112590,10/35/2013
112670,6/50/1993
112843,9/81/2013
112977,5/80/2008
112979,9/46/2023
113004,4/83/2016
113062,3/37/1992
113193,11/63/1990
113238,7/96/1999
113309,8/33/1992
113359,12/93/1993
113384,12/44/2025
113406,12/35/2007
113487,12/59/2001
113541,2/41/2023
113814,6/46/2010
114118,9/63/2016
114185,8/91/2009
114255,8/52/1993
114332,9/52/2003
114409,3/60/2013
114503,3/60/2009
114719,5/89/2012
114812,2/86/1995
114856,12/82/2006
115150,12/66/2009
115293,4/53/2001
115342,9/43/2017
115362,7/47/2023
115428,8/66/2021
115507,12/82/2025
115599,7/72/2014
115738,1/87/2008
115867,8/68/2025
115889,10/90/2016
115895,6/61/2015
116020,1/56/2025
116077,12/48/2012
116099,8/99/1999
116109,2/84/2024
116177,7/96/2024
116244,8/75/1990
116257,3/82/1999
116323,12/70/2022
116364,1/76/2011
116420,6/87/1992
116619,3/96/2021
116677,3/98/2004
116891,9/67/2002
116925,1/57/2006
116948,1/40/2015
117014,12/74/2020
117125,4/85/2013
117208,8/34/1991
117320,8/83/1993
117508,11/56/1998
117749,12/77/1997
117870,2/32/2002
118159,2/36/2007
118197,11/44/2025
118368,8/57/2012
118422,10/52/2005
118517,8/63/1999
118549,3/48/2016
118722,7/41/2015
118811,3/46/1993
118837,4/37/2009
118888,6/99/2009
118929,9/88/1998
119068,6/84/1996
119085,6/57/2017
119086,4/60/2025
119213,5/79/2015
119214,12/59/2003
119361,5/49/2010
119412,11/92/2006
119495,1/87/2010
119874,1/80/2023
119891,3/93/2017
119952,9/68/2015
120001,7/56/2020
120188,9/36/2024
120335,6/47/2014
120339,9/33/1991
120449,7/61/1990
120684,8/81/1991
120723,7/87/2005
120755,11/48/2022
120862,1/92/2004
120911,3/95/2004
121032,6/79/2009
121061,5/70/2003
121610,4/81/2018
121686,10/95/2005
121977,6/65/2008
122073,9/91/2019
122186,9/70/2002
122278,8/65/2005
122520,4/45/1990
122574,9/52/2001
122653,6/44/2018
122935,12/81/2010
122942,10/42/2006
122950,8/43/1993
123056,4/92/2004
123083,4/62/2021
123295,8/56/1996
123370,12/69/2017
123517,11/59/1994
123589,8/43/2009
123689,7/39/1993
124020,7/38/1990
124028,3/78/2017
124109,2/97/2021
124186,10/77/2003
124220,1/94/2018
124242,2/71/2021
124379,2/57/1993
124500,2/39/2010
124542,3/69/2014
124573,3/89/1995
124709,11/72/2014
124765,11/93/2012
124828,3/55/1997
124842,11/43/2000
124946,4/35/2024
124961,11/65/2008
125212,5/50/2016
125281,12/68/2014
125358,6/76/1993
125435,1/49/2000
125461,9/72/2006
125707,6/83/2006
125874,10/64/2014
125912,12/93/2010
125925,10/67/2024
126255,10/48/2004
126288,10/35/2004
126441,10/87/1995
126457,3/46/2018
126554,3/55/2005
126567,4/52/2012
126587,3/45/2004
126665,12/43/1998
126736,11/83/2016
126782,2/73/2002
126842,4/95/2016
126961,3/47/1994
127068,8/74/2019
127078,6/42/1991
127120,4/44/2017
127145,3/44/1990
127205,12/60/2004
127341,10/90/2004
127375,1/46/2011
127547,8/89/2000
127577,6/57/2009
127607,4/78/1997
127637,4/71/2006
127640,7/80/1992
127659,10/47/2015
127739,12/95/1995
127754,9/70/2017
127960,6/55/2025
128029,1/85/2025
128115,1/67/2002
128136,4/65/2004
128252,12/64/2002
128306,6/51/2005
128409,12/40/2025
128530,3/58/1997
128534,10/33/2015
128701,3/59/1994
128792,3/33/2010
128896,7/82/2003
129128,11/70/2025
129281,10/54/2018
129288,6/37/2007
129336,12/79/1991
129367,2/91/2001
129551,9/32/2014
129631,6/93/2016
129643,3/64/2003
129756,3/51/2006
129782,1/53/1996
129880,12/93/2019
129962,1/34/1997
130025,3/98/2020
130055,10/96/1991
130397,3/65/2024
130488,11/62/2023
130619,10/39/2007
130697,8/53/2007
130888,4/55/1999
131003,1/44/2010
131012,9/91/2008
131031,1/33/2017
131050,3/55/2008
131262,2/36/1990
131284,11/70/1999
131517,6/38/1994
131630,10/47/2011
131658,6/51/2014
131819,3/77/1999
131850,5/53/2024
131856,12/98/2021
131880,3/76/2024
131993,1/66/2015
132078,2/93/1994
132246,12/69/1995
132364,4/45/2010
132398,7/82/2012
132754,7/49/1991
132853,7/58/2012
132860,3/86/2001
132867,7/79/1993
132887,7/50/1997
132922,7/52/1994
132933,7/74/1996
133041,6/53/2018
133122,11/63/2001
133210,2/80/2011
133267,7/85/1993
133347,5/88/2010
133367,3/71/1991
133419,8/53/1995
134069,9/49/1998
134070,4/89/1995
134210,11/83/2022
134296,2/79/1998
134427,1/63/2009
134556,7/57/1993
134593,8/63/2004
134841,1/54/2001
134962,7/75/2015
135050,11/50/2009
135180,4/96/2017
135207,7/57/1990
135540,9/42/1997
135550,4/81/2025
135631,1/78/2013
135799,8/32/1996
135822,6/60/2010
135849,5/80/2024
135946,1/61/1994
136043,6/74/2014
136223,6/50/2010
136264,9/34/2008
136301,3/82/2009
136318,7/94/2014
136501,1/32/1997
136638,10/98/2023
136643,11/80/2018
136702,6/65/1990
136765,1/49/2020
136788,7/76/1996
137027,7/63/2017
137035,7/49/2011
137095,7/69/2021
137152,12/88/2013
137417,4/50/2001
137431,7/83/2009
137509,5/94/2016
137777,5/46/1996
137802,10/94/2011
137813,9/65/2020
137900,1/91/2025
138044,8/64/1997
138879,1/75/2007
138896,9/65/2001
139213,2/67/2024
139223,7/58/1999
139324,3/42/1998
139559,5/32/2003
139671,3/76/1994
139720,12/52/2006
139847,9/56/2007
139848,10/70/1991
139849,4/47/2018
139928,5/47/2020
140127,8/80/1992
140229,4/85/1999
140295,1/74/1992
140316,6/40/2011
140337,6/44/1993
140850,8/44/1991
140883,6/77/2002
141100,7/61/1990
141263,4/54/2009
141408,7/73/2017
141464,6/46/1992
141849,7/39/1991
141989,10/80/2003
142030,2/57/1996
142306,11/35/2007
142408,12/85/2001
142413,5/68/2003
142425,7/44/2019
142429,2/70/2010
142516,6/46/2016
142601,4/92/1993
142618,2/79/2016
142645,11/35/2013
142832,6/45/2010
142852,2/93/1993
142911,1/68/1999
143097,11/82/2005
143154,11/60/2010
143156,3/96/1998
143183,7/88/2018
143242,1/77/2005
143312,10/41/2017
143865,1/84/2019
143900,9/97/1997
143914,10/46/2025
143925,12/43/1997
144143,6/57/1991
144229,8/97/2018
144330,9/60/1992
144339,8/32/2005
144340,7/95/1990
144612,12/64/1990
144626,9/33/1998
144663,10/97/1998
144796,4/66/1997
144864,5/34/2003
145041,12/46/1990
145242,3/83/2016
145276,2/96/2015
145289,3/68/1993
145408,4/39/1996
145687,8/51/2023
145739,8/64/2011
145795,9/65/2010
145852,5/78/1996
145867,2/35/2005
145948,9/99/2008
146081,9/48/1990
146174,5/35/1998
146246,1/52/1998
146311,10/78/2001
146350,12/48/1996
146452,5/61/2015
146688,9/45/2021
146876,5/69/2011
146885,11/72/1997
146905,3/61/2012
146921,9/98/2006
147030,5/95/2024
147164,3/91/2019
147203,6/34/2023
147302,12/54/2012
147328,3/99/1996
147376,7/63/2007
147446,4/39/2002
147667,9/67/2025
147900,12/86/2008
148028,8/89/2019
148210,6/75/1998
148307,5/72/2000
148459,12/48/2017
148465,8/85/2006
148516,11/80/2016
148528,12/53/2005
148692,8/45/2016
148777,7/63/1997
148871,6/34/2020
148924,2/71/2023
149348,11/84/2004
149501,3/84/2011
149502,10/65/2008
149604,1/95/1995
149645,5/52/2005
149646,4/32/2016
149729,11/92/2013
149860,8/77/2009
150040,10/81/2018
150136,8/53/2007
150248,1/45/2008
150374,10/90/2001
150459,3/82/2010
150739,8/76/2024
150868,9/58/1992
150884,9/58/1999
150961,3/54/1998
151023,1/95/2021
151176,5/98/2023
151221,7/93/2003
151336,11/71/1991
151544,6/89/2001
151551,2/50/2014
151696,11/52/1998
151722,7/98/2009
151871,1/53/2016
151890,1/35/1994
152092,5/32/1993
152221,6/98/2011
152464,12/64/1998
152491,3/69/2004
152766,12/67/1994
152909,3/35/1993
152912,4/38/1995
153022,11/62/2012
153068,4/52/2001
153202,10/58/2011
153318,6/51/2004
153395,12/67/1998
153606,4/64/1990
153682,12/67/2018
153872,11/72/2010
153904,5/52/1994
153997,2/66/1999
154028,12/81/2015
154050,3/44/2007
154071,4/86/2004
154072,1/79/2022
154092,2/35/2006
154195,5/83/2006
154215,5/86/2016
154293,12/62/2023
154560,4/62/2007
154627,10/58/1998
154967,9/90/2022
155042,2/93/1990
155071,12/43/1996
155077,1/55/1991
155176,8/71/1997
155209,6/80/1999
155275,7/75/2025
155367,2/53/2001
155524,2/52/2018
155649,7/40/2012
155960,11/55/1998
156103,6/53/1990
156306,2/42/2017
156431,1/90/2007
156540,1/96/2001
156560,10/78/2008
156606,10/80/2003
156617,10/83/2025
156834,9/90/2017
156975,4/40/2001
157029,3/86/2007
157093,12/58/2024
157124,3/63/2011
157223,5/66/2002
157321,3/47/2022
157354,11/53/2007
157409,10/42/2021
157429,1/79/2015
157459,7/36/2019
157482,7/65/1990
157486,7/34/2014
157546,12/48/1998
157562,7/59/2000
157571,6/82/2015
157797,7/79/2025
157842,3/77/2005
157972,12/85/2013
158097,4/41/2010
158124,12/75/1990
158293,9/62/1998
158319,6/33/2008
158438,12/97/2022
158560,8/61/2008
158651,5/63/2022
158693,10/63/2018
158706,3/77/2015
158734,10/39/2007
158739,4/50/2021
158745,3/41/2007
158786,9/85/1990
159040,3/60/2024
159176,8/57/2006
159470,10/67/2004
159625,11/95/2025
159721,8/42/2025
159724,5/84/1993
159772,9/44/2021
159880,11/52/2000
160057,3/97/2017
160083,10/42/2004
160139,3/76/2002
160170,7/81/2002
160432,9/37/2001
160622,5/87/2002
160626,5/95/1997
160653,10/39/2007
160656,5/69/2017
160701,11/32/2006
160712,9/82/2022
160728,8/52/1991
160773,4/42/1992
160882,6/79/2008
160910,4/89/2002
160965,1/75/2017
161000,2/45/2016
161162,7/44/2016
161188,4/76/2006
161336,10/82/2020
161376,8/99/2024
161549,10/87/2025
161575,4/49/2001
161748,3/62/2002
161844,9/74/2022
161875,9/84/1992
161901,9/41/2010
161908,8/51/2007
161930,1/58/2025
162004,7/85/2015
162051,6/66/2009
162173,10/91/2001
162342,12/79/2019
162401,8/91/2015
162410,10/61/1999
162661,6/90/2018
162699,11/37/1991
162796,1/53/1996
163127,9/46/2019
163180,2/61/2019
163281,10/39/2010
163493,12/67/2023
163538,6/46/2022
163598,4/57/2021
163656,7/57/2016
163784,1/85/2016
163815,5/67/2019
163936,8/39/1998
164091,5/76/1999
164189,11/57/1997
164252,10/71/2007
164399,5/66/2007
164534,8/40/1992
164596,8/55/1990
164675,2/96/2010
164723,4/61/2022
164927,9/68/1999
165363,11/49/1990
165575,10/38/2014
165612,10/95/2002
165749,1/43/1990
166020,8/54/1995
166101,12/85/2013
166111,9/54/2020
166222,10/44/2014
166449,9/69/2024
166569,9/42/2010
166628,12/59/2016
166643,6/49/2017
166670,2/75/2006
166758,2/62/1991
166808,12/35/2012
166870,10/95/2022
166933,3/62/1993
166998,4/76/2014
167080,7/58/1993
167159,1/96/1990
167330,5/45/1995
167399,11/50/2008
167435,8/49/1996
167552,6/87/2010
167922,8/32/1999
168059,10/63/1997
168365,3/69/2011
168505,7/56/2022
168506,1/88/2010
168509,10/76/1992
168617,9/58/2024
168897,9/65/2020
169109,7/57/2025
169152,5/63/2015
169275,6/93/1993
169324,6/53/2011
169404,3/43/2011
169523,10/82/1999
169556,10/80/1998
169719,5/93/2001
169750,1/51/2004
169960,11/79/1997
170091,5/94/1997
170146,2/92/1991
170250,12/92/1992
170490,12/51/2014
170603,7/71/1999
170607,4/86/1997
170684,10/56/1990
170710,8/42/2013
170757,12/88/2017
170780,8/72/1995
171029,4/96/1996
171335,12/51/2005
171510,5/85/2006
171534,5/94/2005
171568,9/83/2005
171592,4/93/2021
171695,3/92/1995
171944,4/75/2004
171954,11/84/1994
172059,12/76/1993
172227,2/50/2008
172466,2/78/1990
172719,5/83/2017
172808,8/89/1992
173027,12/74/2023
173095,3/79/1990
173207,8/70/2017
173353,2/35/1990
173381,10/58/2010
173438,7/42/2014
173476,9/69/1998
173492,12/35/1997
173516,3/44/2005
173632,1/81/2008
173671,2/40/2020
173682,3/69/2006
173929,12/99/2018
173992,5/36/2022
174087,10/93/1994
174516,7/53/2020
174830,8/67/2017
174854,11/68/2006
175482,4/67/2000
175525,1/95/2018
175697,11/93/2007
175736,4/35/2019
176339,3/36/2019
176357,4/88/2018
176990,8/51/1994
177052,5/93/1996
177141,3/78/2023
177220,7/72/2007
177228,8/67/1991
177278,11/69/2020
177334,7/99/2007
177484,3/66/2001
177655,9/57/1997
177657,6/68/2012
177827,6/32/1991
177832,9/47/2020
177995,7/70/1994
178038,8/43/1992
178309,5/86/1994
178325,12/99/1990
178400,11/92/2012
178541,11/86/2009
178688,8/93/2005
178705,8/99/2022
178818,7/58/1994
178831,7/91/1993
178948,12/45/2016
179206,4/38/2003
179358,3/37/2025
179541,10/61/1994
179550,7/51/1992
179669,11/43/2009
179674,3/82/2003
179698,9/34/2001
179699,9/78/2015
179814,8/94/2008
179828,12/59/2004
179914,5/90/2021
179978,12/95/2000
180294,10/94/2010
180392,7/48/1998
180482,8/79/2022
180502,3/50/2017
180591,11/49/2003
180639,1/86/1997
180666,9/36/1990
180708,2/57/2003
180821,12/32/1997
180881,4/36/1992
180908,1/44/2007
180942,6/59/1990
181018,8/62/1995
181153,8/70/2022
181195,3/82/2000
181268,2/98/1992
181424,5/98/2009
181439,10/37/2022
181473,6/57/1993
181487,7/75/2024
181541,7/42/2000
181566,3/92/2006
181639,7/49/1997
181794,7/52/2021
181970,6/61/2025
181995,5/47/2022
182119,11/80/2003
182185,2/85/1996
182220,4/94/2007
182448,6/32/2000
182490,3/47/2011
182634,11/84/2005
182979,4/35/1994
183058,5/83/2025
183334,6/40/2022
183339,11/74/2008
183349,1/74/2015
183397,1/81/2019
183516,4/54/2002
183554,8/93/1996
183596,6/66/1999
183783,6/85/2025
183816,3/47/1991
183920,4/49/2019
183934,5/99/1994
183970,12/77/1998
184070,6/34/1995
184120,9/52/2018
184175,9/99/2012
184271,8/62/1998
184324,9/53/1992
184474,6/64/1994
184609,12/68/2024
184790,12/42/2019
184797,2/47/2017
184900,8/60/2015
184903,8/39/2014
184956,9/37/1994
185183,10/95/2008
185200,3/88/1993
185241,1/79/2019
185327,2/39/2010
185342,9/45/2002
185513,7/89/2013
185545,10/57/2022
185629,7/81/2012
185638,5/39/2015
185696,2/56/1999
185712,9/60/2010
185843,6/60/1997
186373,7/83/2022
186444,6/78/2022
186593,11/93/2008
186692,1/41/1992
186716,2/72/1990
186728,12/84/2014
186780,5/88/1997
186865,2/77/2019
186912,4/54/2010
186973,4/55/2022
187356,9/75/1991
187534,7/82/2017
187673,1/34/2011
187737,11/42/1995
187768,5/76/1993
187769,1/57/2009
187948,6/82/2020
187982,2/96/2006
188212,1/99/1996
188507,5/68/1996
188583,2/49/1992
188601,11/91/2010
188742,6/89/1991
188767,3/55/2009
188848,6/41/2020
188867,6/81/2018
189061,4/94/2000
189105,1/37/2003
189141,1/43/2020
189236,8/51/2007
189239,4/90/1994
189354,5/87/1991
189363,10/48/2025
189416,5/74/1999
189693,4/55/2022
189713,5/85/2015
189797,10/99/2011
189798,1/40/2013
189830,8/40/1991
189959,6/37/2003
190012,2/44/2020
190018,7/32/2016
190041,11/46/2014
190105,1/59/2004
190335,12/61/2001
190340,12/32/2005
190372,3/76/2022
190426,5/76/2003
190659,8/48/2010
190793,8/92/2023
190837,1/86/2018
190876,10/80/1997
191125,9/92/2016
191159,9/79/2001
191281,6/66/2011
191380,7/78/1996
191444,7/61/2011
191570,4/45/2009
191635,1/94/2021
191670,5/99/2007
191740,11/50/2001
191898,8/55/2019
192128,11/82/1999
192133,9/73/1992
192190,5/47/2014
192217,8/84/2004
192242,1/38/2021
192243,9/45/2009
192250,10/81/1998
192715,9/62/2006
192833,4/93/2005
192892,2/63/2003
193096,2/80/1992
193352,12/67/1999
193392,9/76/2011
193448,7/98/1997
193526,5/66/2007
193620,7/51/2025
193742,3/41/2014
193873,1/99/2001
193953,11/87/2000
194321,3/89/2006
194477,5/47/1998
194623,6/40/2025
194708,1/70/2000
194818,9/58/2021
194934,8/37/2001
195024,11/59/2019
195238,10/38/1990
195529,7/49/2004
195639,3/93/2001
195649,1/44/2009
196008,4/68/2002
196217,5/63/2009
196357,2/56/1996
196512,5/97/2005
196591,3/87/2023
196631,3/56/2023
196813,3/48/2023
197381,7/60/2018
197659,12/98/2005
197718,10/33/1992
197793,9/85/2007
197813,12/37/2016
197898,5/64/2022
198077,11/50/1991
198079,12/52/2025
198082,11/88/1991
198232,3/38/2019
198294,4/50/2006
198328,10/93/1992
198382,2/40/1993
198456,9/90/1997
198470,1/46/2022
198526,3/56/2017
198654,7/40/2022
198801,2/49/1993
198817,2/49/1992
199080,3/92/2021
199090,5/53/2017
199243,10/79/2024
199272,10/74/2002
199280,1/67/2024
199307,7/66/2025
199336,9/81/1995
199442,1/67/2024
199467,6/60/2002
199630,10/99/2013
199940,6/88/1991
199990,10/39/2003
